Date,High,Low,Open,Close,Volume,Adj Close
2020-01-01,773.25,765.2999877929688,765.2999877929688,771.1500244140625,465429.0,761.90625
2020-01-02,780.3499755859375,764.2000122070312,773.0,775.5999755859375,867603.0,766.3028564453125
2020-01-03,786.5,770.0,775.9000244140625,776.9000244140625,1110452.0,767.5873413085938
2020-01-06,774.4500122070312,756.0,771.0,762.1500244140625,522118.0,753.01416015625
2020-01-07,772.5999755859375,752.5499877929688,764.0,757.5499877929688,824059.0,748.46923828125
2020-01-08,760.6500244140625,750.0999755859375,752.0,757.0999755859375,641773.0,748.024658203125
2020-01-09,767.2999877929688,757.0999755859375,762.0,758.9000244140625,778130.0,749.8031005859375
2020-01-10,778.5,757.5,763.1500244140625,758.9500122070312,1820102.0,749.8525390625
2020-01-13,763.0,740.5,756.5,748.5999755859375,2327854.0,739.6265258789062
2020-01-14,758.9000244140625,750.4500122070312,752.7000122070312,752.7999877929688,1213631.0,743.776123046875
2020-01-15,756.7999877929688,746.7000122070312,752.0,751.0499877929688,1220738.0,742.0471801757812
2020-01-16,760.6500244140625,751.5,751.5,753.9500122070312,1284812.0,744.9124145507812
2020-01-17,770.0,751.4500122070312,753.0,766.6500244140625,1336060.0,757.460205078125
2020-01-20,760.25,730.0999755859375,760.0,732.7000122070312,3214043.0,723.9171142578125
2020-01-21,744.25,727.25,733.0,741.1500244140625,1619921.0,732.265869140625
2020-01-22,746.9500122070312,734.6500244140625,743.25,738.4000244140625,904533.0,729.548828125
2020-01-23,743.9500122070312,736.0,738.4000244140625,737.8499755859375,718365.0,729.00537109375
2020-01-24,744.5,735.7000122070312,737.2999877929688,740.1500244140625,507047.0,731.27783203125
2020-01-27,759.9000244140625,734.0999755859375,738.0,751.9000244140625,1492976.0,742.886962890625
2020-01-28,756.7000122070312,745.0999755859375,755.0,747.4000244140625,1322275.0,738.44091796875
2020-01-29,752.75,743.5499877929688,750.0,744.8499755859375,867074.0,735.9214477539062
2020-01-30,745.9000244140625,725.5499877929688,745.9000244140625,728.3499755859375,1153471.0,719.6192626953125
2020-01-31,734.7000122070312,716.0,734.0,718.25,1117946.0,709.640380859375
2020-02-03,723.25,698.7999877929688,708.3499755859375,708.6500244140625,1106940.0,700.1554565429688
2020-02-04,728.8499755859375,711.0,717.6500244140625,721.5999755859375,1129876.0,712.9501342773438
2020-02-05,726.8499755859375,716.5,721.0999755859375,722.5,1189761.0,713.83935546875
2020-02-06,738.75,706.0,731.5,721.9000244140625,5687405.0,713.2466430664062
2020-02-07,714.25,695.0,708.0,707.5999755859375,7357814.0,699.1179809570312
2020-02-10,710.0,696.2999877929688,705.9500122070312,701.9500122070312,1841499.0,693.5357666015625
2020-02-11,713.7999877929688,698.5499877929688,713.7999877929688,705.0499877929688,1862531.0,696.5985107421875
2020-02-12,712.0,698.5,708.0,703.2000122070312,2266491.0,694.770751953125
2020-02-13,708.5999755859375,699.5499877929688,706.4000244140625,703.4000244140625,2356429.0,694.9683837890625
2020-02-14,721.4500122070312,704.5,704.5,717.6500244140625,1845960.0,709.0475463867188
2020-02-17,731.25,710.5999755859375,718.5,712.5499877929688,1402215.0,704.0086669921875
2020-02-18,710.9500122070312,694.0,710.7999877929688,706.0499877929688,1225756.0,697.5865478515625
2020-02-19,716.5,704.4000244140625,705.0,709.0499877929688,894396.0,700.5505981445312
2020-02-20,708.0999755859375,698.0,706.1500244140625,699.5999755859375,1883153.0,691.2139282226562
2020-02-24,697.0,669.0,695.0,672.8499755859375,1771815.0,664.7845458984375
2020-02-25,680.0,667.4000244140625,680.0,669.1500244140625,2838451.0,661.12890625
2020-02-26,676.0,664.5499877929688,668.0999755859375,669.7999877929688,2122196.0,661.7711181640625
2020-02-27,671.2999877929688,654.5999755859375,669.0999755859375,662.7999877929688,1302115.0,654.85498046875
2020-02-28,659.4000244140625,635.2000122070312,656.1500244140625,640.0,2408425.0,632.3283081054688
2020-03-02,652.2999877929688,620.5,645.0,629.7999877929688,2408228.0,622.2506103515625
2020-03-03,660.5499877929688,635.2999877929688,637.0,649.5999755859375,2135990.0,641.813232421875
2020-03-04,667.25,643.2999877929688,653.2000122070312,664.4000244140625,2723269.0,656.4358520507812
2020-03-05,686.6500244140625,666.0,668.0,676.5499877929688,2089837.0,668.440185546875
2020-03-06,673.7999877929688,657.2000122070312,665.0,663.5,3466958.0,655.546630859375
2020-03-09,664.5499877929688,643.5,645.0,651.1500244140625,1461377.0,643.3446655273438
2020-03-11,659.5999755859375,635.4500122070312,652.0999755859375,638.7999877929688,1987343.0,631.1427001953125
2020-03-12,629.0,583.6500244140625,629.0,593.7999877929688,4991398.0,586.6820678710938
2020-03-13,615.9500122070312,504.75,550.0,605.8499755859375,1820676.0,598.587646484375
2020-03-16,632.8499755859375,576.0,595.8499755859375,599.0,2477918.0,591.81982421875
2020-03-17,646.25,596.3499755859375,605.25,616.0999755859375,2067269.0,608.7147827148438
2020-03-18,637.3499755859375,605.7000122070312,626.0,612.9000244140625,2352295.0,605.55322265625
2020-03-19,654.0,578.0499877929688,594.5,635.0,2680525.0,627.3882446289062
2020-03-20,665.0999755859375,631.25,640.7000122070312,641.9500122070312,2708797.0,634.2549438476562
2020-03-23,631.9500122070312,586.0999755859375,610.0,592.1500244140625,1677165.0,585.0518798828125
2020-03-24,628.0,585.5499877929688,586.25,592.2000122070312,1545462.0,585.101318359375
2020-03-25,599.25,558.0999755859375,581.0,566.5,3016481.0,559.7094116210938
2020-03-26,569.0999755859375,542.4000244140625,566.5,558.6500244140625,3907851.0,551.9534912109375
2020-03-27,591.5999755859375,542.3499755859375,565.0499877929688,548.0999755859375,4900000.0,541.5299072265625
2020-03-30,573.5,535.25,551.5,560.5999755859375,2777231.0,553.8800659179688
2020-03-31,594.4000244140625,568.25,573.0,589.6500244140625,3151209.0,582.5819091796875
2020-04-01,590.7999877929688,575.4500122070312,589.8499755859375,579.0499877929688,1298954.0,572.1089477539062
2020-04-03,665.9000244140625,578.0,582.4500122070312,655.8499755859375,6492775.0,647.98828125
2020-04-07,738.6500244140625,670.25,690.0,700.0499877929688,8165523.0,691.6585083007812
2020-04-08,734.4500122070312,698.5499877929688,701.0,705.5999755859375,6927854.0,697.1419067382812
2020-04-09,798.0,733.4000244140625,733.4000244140625,790.1500244140625,13732376.0,780.6785278320312
2020-04-13,848.7999877929688,799.0,804.0,826.0499877929688,10064797.0,816.1481323242188
2020-04-15,854.0,791.3499755859375,847.9500122070312,810.4000244140625,7000858.0,800.6857299804688
2020-04-16,832.5,787.0499877929688,805.0,825.9000244140625,3963315.0,816.0
2020-04-17,845.0,817.5999755859375,841.0,822.25,3328045.0,812.3936767578125
2020-04-20,822.0,795.3499755859375,822.0,809.75,2294941.0,800.0435180664062
2020-04-21,845.5,792.0,795.5,812.5,5837165.0,802.7606201171875
2020-04-22,829.5999755859375,802.9000244140625,805.0,806.5999755859375,3630813.0,796.9312744140625
2020-04-23,837.2999877929688,811.0,811.0,822.3499755859375,3411965.0,812.492431640625
2020-04-24,891.0,820.7000122070312,824.7000122070312,877.3499755859375,14719795.0,866.8331909179688
2020-04-27,906.0,875.7000122070312,899.9500122070312,896.7999877929688,6448879.0,886.050048828125
2020-04-28,901.0,848.25,900.0,854.3499755859375,4121427.0,844.10888671875
2020-04-29,872.7000122070312,848.75,860.0,854.4000244140625,3285831.0,844.1583251953125
2020-04-30,878.2000122070312,811.5499877929688,874.9000244140625,835.2999877929688,7643181.0,825.2872314453125
2020-05-04,865.7999877929688,815.0,826.0,841.6500244140625,5482297.0,831.5611572265625
2020-05-05,867.9500122070312,821.0,867.9500122070312,826.7999877929688,3485068.0,816.88916015625
2020-05-06,840.6500244140625,817.0499877929688,834.9500122070312,827.2000122070312,2243112.0,817.284423828125
2020-05-07,836.5999755859375,808.75,820.0,813.2999877929688,2230759.0,803.5509643554688
2020-05-08,839.6500244140625,817.2999877929688,820.0,835.0,2635460.0,824.9909057617188
2020-05-11,857.7000122070312,832.0499877929688,843.9500122070312,849.2999877929688,3945910.0,839.1194458007812
2020-05-12,860.5999755859375,845.0,850.0,851.8499755859375,2001722.0,841.6388549804688
2020-05-13,863.0,835.2000122070312,861.0,839.25,2253401.0,829.1898803710938
2020-05-14,866.4000244140625,828.7000122070312,840.0,863.0499877929688,3474044.0,852.70458984375
2020-05-15,863.0499877929688,836.0999755859375,863.0499877929688,841.7999877929688,1984358.0,831.7093505859375
2020-05-18,862.9500122070312,837.3499755859375,838.0,856.8499755859375,2661106.0,846.5789184570312
2020-05-19,870.0,833.3499755859375,863.5,840.3499755859375,3414397.0,830.2766723632812
2020-05-20,878.0,841.0,844.5999755859375,873.2000122070312,3952756.0,862.7329711914062
2020-05-21,889.9500122070312,863.1500244140625,870.0,885.75,2666556.0,875.1325073242188
2020-05-22,898.0,875.3499755859375,881.0,892.75,2372742.0,882.0486450195312
2020-05-26,919.2000122070312,893.0,893.0,905.9500122070312,5437014.0,895.0903930664062
2020-05-27,909.9500122070312,888.0,906.0,894.5499877929688,2493163.0,883.8270263671875
2020-05-28,890.7999877929688,868.25,887.5,881.1500244140625,3226522.0,870.5877075195312
2020-05-29,881.7999877929688,840.5,870.0,869.7999877929688,9473461.0,859.3737182617188
2020-06-01,876.0,846.0999755859375,875.0,849.7000122070312,5213799.0,839.5147094726562
2020-06-02,873.9500122070312,851.5499877929688,853.9000244140625,871.25,4740216.0,860.8063354492188
2020-06-03,885.8499755859375,861.1500244140625,880.0,867.4500122070312,3866831.0,857.0518798828125
2020-06-04,913.0,868.8499755859375,870.0,907.5999755859375,6242195.0,896.7205810546875
2020-06-05,923.9000244140625,898.0999755859375,919.9000244140625,902.3499755859375,3694033.0,891.5335083007812
2020-06-08,911.9000244140625,880.75,905.0,900.2999877929688,2880744.0,889.5081176757812
2020-06-09,930.7999877929688,895.5,899.9000244140625,919.4000244140625,4737507.0,908.3792114257812
2020-06-10,936.9500122070312,918.0,924.4000244140625,928.3499755859375,3077038.0,917.2218627929688
2020-06-11,931.7999877929688,912.0499877929688,924.0,918.2999877929688,1944883.0,907.2923583984375
2020-06-12,920.5,901.0499877929688,904.2999877929688,911.9000244140625,2105897.0,900.9690551757812
2020-06-15,956.0,914.0,917.0,943.9500122070312,6159384.0,932.6348876953125
2020-06-16,948.0999755859375,918.0499877929688,943.5999755859375,925.75,2459099.0,914.653076171875
2020-06-17,938.9500122070312,917.2000122070312,929.2000122070312,928.9500122070312,1903488.0,917.814697265625
2020-06-18,937.0,915.0999755859375,931.9000244140625,919.3499755859375,1745711.0,908.3297119140625
2020-06-19,926.9000244140625,912.2999877929688,919.5499877929688,914.4500122070312,2295673.0,903.488525390625
2020-06-22,950.0,916.25,922.4500122070312,935.25,2542504.0,924.0391845703125
2020-06-23,943.5499877929688,924.0499877929688,935.25,937.9000244140625,1869848.0,926.6574096679688
2020-06-24,944.7000122070312,916.2999877929688,940.0,921.4000244140625,1642404.0,910.355224609375
2020-06-25,946.2999877929688,921.4000244140625,924.8499755859375,935.25,2393857.0,924.0391845703125
2020-06-26,943.7000122070312,922.0,936.0,926.75,1226064.0,915.6410522460938
2020-06-29,935.9500122070312,919.0,926.75,924.5999755859375,1254935.0,913.5167846679688
2020-06-30,935.0,907.2999877929688,935.0,911.7999877929688,1890864.0,900.8702392578125
2020-07-01,910.9500122070312,891.5499877929688,910.0499877929688,903.4000244140625,2184216.0,892.5709838867188
2020-07-02,913.25,892.5499877929688,905.5,895.0,2144667.0,884.2716064453125
2020-07-03,904.2000122070312,890.0,898.7999877929688,900.0499877929688,2103089.0,889.2610473632812
2020-07-06,899.4500122070312,873.0,896.0,875.5499877929688,2750613.0,865.0547485351562
2020-07-07,884.4000244140625,867.2000122070312,875.5499877929688,870.5,2421820.0,860.0653076171875
2020-07-08,889.6500244140625,862.0,874.0,865.4000244140625,3517313.0,855.0264892578125
2020-07-09,882.0,862.5,871.4000244140625,867.0499877929688,2105983.0,856.6566772460938
2020-07-10,874.9000244140625,858.0,870.0,861.0999755859375,1826593.0,850.7779541015625
2020-07-13,877.0,858.3499755859375,868.8499755859375,869.7999877929688,1910103.0,859.3737182617188
2020-07-14,883.2999877929688,868.5499877929688,871.0,873.0,2542417.0,862.5353393554688
2020-07-15,878.9000244140625,855.0999755859375,875.0999755859375,857.1500244140625,1623972.0,846.8753662109375
2020-07-16,881.0,856.0499877929688,861.7999877929688,879.5499877929688,1862973.0,869.0068359375
2020-07-17,903.75,870.0,884.8499755859375,897.4000244140625,3563919.0,886.6428833007812
2020-07-20,900.7000122070312,862.25,897.4000244140625,864.25,2390319.0,853.8902587890625
2020-07-21,872.4500122070312,846.0,872.0,851.7000122070312,2209965.0,841.49072265625
2020-07-22,869.7999877929688,846.0,852.0499877929688,850.75,1982870.0,840.5520629882812
2020-07-23,864.9000244140625,851.2999877929688,852.1500244140625,863.0,1590020.0,852.6552124023438
2020-07-24,873.4000244140625,848.2000122070312,867.0,853.7999877929688,2150236.0,843.5654907226562
2020-07-27,853.4500122070312,828.4000244140625,851.0,845.4000244140625,1904586.0,835.2661743164062
2020-07-28,854.4500122070312,839.0,848.0,841.2000122070312,1232300.0,831.1165771484375
2020-07-29,862.75,843.1500244140625,845.0,859.2999877929688,2037689.0,848.9995727539062
2020-07-30,894.4500122070312,863.0499877929688,864.2999877929688,890.4000244140625,4113177.0,879.726806640625
2020-07-31,931.0,878.7000122070312,894.75,926.5499877929688,5233499.0,915.4434204101562
2020-08-03,946.5,913.0499877929688,915.0,927.6500244140625,3944365.0,922.5040893554688
2020-08-04,947.5,912.0,932.9500122070312,940.7999877929688,2870818.0,935.5811157226562
2020-08-05,954.5999755859375,924.0,941.0,928.0,3672601.0,922.8521118164062
2020-08-06,945.7999877929688,925.5,932.7999877929688,936.25,3300867.0,931.0563354492188
2020-08-07,918.4000244140625,874.0999755859375,906.6500244140625,879.8499755859375,12143243.0,874.9691772460938
2020-08-10,999.4000244140625,886.0499877929688,886.9000244140625,957.9500122070312,14698270.0,952.635986328125
2020-08-11,969.5499877929688,945.0,964.7000122070312,957.5,6022988.0,952.1884765625
2020-08-12,952.9500122070312,925.0,952.9500122070312,940.2000122070312,2723715.0,934.9844360351562
2020-08-13,946.0,926.9000244140625,940.2000122070312,930.5,2432952.0,925.3382568359375
2020-08-14,1023.5499877929688,932.2000122070312,932.2000122070312,1018.2000122070312,26833773.0,1012.5517578125
2020-08-17,1035.0,994.5,1028.4000244140625,1003.6500244140625,7593651.0,998.08251953125
2020-08-18,1022.9000244140625,978.2999877929688,998.0,981.7000122070312,6244582.0,976.2542724609375
2020-08-19,1008.7999877929688,975.2000122070312,985.0,980.9500122070312,6124085.0,975.5084228515625
2020-08-20,999.9000244140625,978.2999877929688,984.0,982.25,4884459.0,976.8012084960938
2020-08-21,1004.0,978.0,998.7000122070312,981.4000244140625,4143775.0,975.9559326171875
2020-08-24,992.5,960.5,987.0,970.0999755859375,4373228.0,964.7185668945312
2020-08-25,1017.1500244140625,968.7000122070312,1000.0,972.1500244140625,7286500.0,966.7572021484375
2020-08-26,986.2000122070312,964.0,979.0999755859375,978.75,3859285.0,973.3206176757812
2020-08-27,994.5,975.25,978.75,983.2000122070312,3902056.0,977.7459106445312
2020-08-28,991.75,972.0,984.5,976.0999755859375,2531186.0,970.6852416992188
2020-08-31,990.0,921.7000122070312,982.0,927.5499877929688,5062616.0,922.4046020507812
2020-09-01,954.9000244140625,918.0999755859375,932.2000122070312,949.9000244140625,3982915.0,944.6306762695312
2020-09-02,970.0,940.3499755859375,950.3499755859375,962.0,3758078.0,956.6635131835938
2020-09-03,972.5,954.0,969.8499755859375,961.7000122070312,2224188.0,956.3651733398438
2020-09-04,966.5999755859375,935.5499877929688,957.0,945.0,2972431.0,939.7578125
2020-09-07,953.2999877929688,921.75,949.0,925.2999877929688,2220516.0,920.1671142578125
2020-09-08,937.75,911.7999877929688,930.2999877929688,919.5499877929688,1923221.0,914.448974609375
2020-09-09,947.4000244140625,915.25,918.9500122070312,941.0999755859375,3719749.0,935.8794555664062
2020-09-10,966.0,935.5499877929688,942.5,962.5,3696881.0,957.1607666015625
2020-09-11,973.0,952.4000244140625,959.9500122070312,967.6500244140625,2154611.0,962.2821655273438
2020-09-14,972.9500122070312,958.0,972.9500122070312,968.0,1836317.0,962.6302490234375
2020-09-15,1005.0,967.0,972.8499755859375,1000.8499755859375,6025028.0,995.2979736328125
2020-09-16,1033.0,995.8499755859375,1005.9000244140625,1028.6500244140625,5342544.0,1022.9437866210938
2020-09-17,1045.9000244140625,1010.0999755859375,1018.8499755859375,1037.0999755859375,3069437.0,1031.346923828125
2020-09-18,1122.300048828125,1070.4000244140625,1075.0,1085.9000244140625,15274487.0,1079.876220703125
2020-09-21,1097.8499755859375,1030.300048828125,1085.8499755859375,1040.550048828125,4118958.0,1034.77783203125
2020-09-22,1053.550048828125,1017.7999877929688,1040.550048828125,1039.75,5220254.0,1033.982177734375
2020-09-23,1053.699951171875,1002.0,1053.699951171875,1016.5499877929688,3211053.0,1010.910888671875
2020-09-24,1019.0,971.25,1009.0,979.5999755859375,2899900.0,974.1658325195312
2020-09-25,1022.8499755859375,978.0,987.0,998.9000244140625,3803230.0,993.3588256835938
2020-09-28,1014.9000244140625,981.0,1008.5999755859375,1008.9500122070312,4089142.0,1003.3530883789062
2020-09-29,1014.0,994.0,1014.0,998.1500244140625,2642123.0,992.6129760742188
2020-09-30,1025.0,992.25,1000.0,1007.4000244140625,5227238.0,1001.8117065429688
2020-10-01,1032.0,1007.0,1031.0,1027.8499755859375,4893786.0,1022.148193359375
2020-10-05,1048.0,1012.6500244140625,1028.3499755859375,1038.199951171875,2928369.0,1032.4407958984375
2020-10-06,1053.8499755859375,1021.7000122070312,1045.5999755859375,1026.3499755859375,2631466.0,1020.656494140625
2020-10-07,1038.949951171875,1018.4000244140625,1031.5999755859375,1025.9000244140625,1833860.0,1020.2090454101562
2020-10-08,1050.0,1013.2999877929688,1030.9000244140625,1043.25,2859013.0,1037.4627685546875
2020-10-09,1055.8499755859375,1025.0,1048.6500244140625,1029.199951171875,2443002.0,1023.4906616210938
2020-10-12,1049.0,1025.0,1030.0,1046.5,2276510.0,1040.69482421875
2020-10-13,1087.800048828125,1045.300048828125,1050.0,1055.199951171875,9418725.0,1049.346435546875
2020-10-14,1061.449951171875,1022.5499877929688,1061.0,1036.199951171875,3491057.0,1030.451904296875
2020-10-15,1042.0,996.1500244140625,1036.199951171875,1003.5499877929688,2854331.0,997.9830322265625
2020-10-16,1045.9000244140625,998.0,1003.5499877929688,1040.4000244140625,4437148.0,1034.628662109375
2020-10-19,1046.0,1010.0,1044.9000244140625,1014.2000122070312,2712791.0,1008.573974609375
2020-10-20,1029.75,1003.2000122070312,1015.0,1008.7000122070312,2666057.0,1003.1044921875
2020-10-21,1014.9000244140625,988.0,1012.0,1002.5499877929688,3132940.0,996.9885864257812
2020-10-22,1007.5999755859375,977.5999755859375,1007.5999755859375,993.3499755859375,2891815.0,987.839599609375
2020-10-23,1010.0,986.4000244140625,994.0,991.4500122070312,2799672.0,985.9501342773438
2020-10-26,997.6500244140625,957.4500122070312,992.9500122070312,962.9000244140625,2858748.0,957.5585327148438
2020-10-27,975.9000244140625,950.0499877929688,964.0,957.25,2668443.0,951.9398803710938
2020-10-28,972.5999755859375,935.1500244140625,958.0,941.8499755859375,2746403.0,936.625244140625
2020-10-29,946.5499877929688,921.0,937.5,924.75,2504089.0,919.6201782226562
2020-10-30,929.0,905.4000244140625,925.0,909.25,3532104.0,904.2061157226562
2020-11-02,917.9000244140625,900.0499877929688,912.0,912.5,3207153.0,907.4381103515625
2020-11-03,941.9500122070312,916.0,917.0,937.2999877929688,4071127.0,932.1005249023438
2020-11-04,962.7000122070312,939.7999877929688,945.0,944.6500244140625,4826211.0,939.4097900390625
2020-11-05,953.7999877929688,921.7999877929688,939.0,936.0,5867246.0,930.8077392578125
2020-11-06,944.4500122070312,913.1500244140625,940.0,916.9000244140625,3841154.0,911.813720703125
2020-11-09,926.9500122070312,905.7000122070312,924.7999877929688,917.9500122070312,4269584.0,912.85791015625
2020-11-10,920.0,855.3499755859375,920.0,858.7000122070312,7111012.0,853.9365844726562
2020-11-11,913.4000244140625,865.0,870.0,911.0999755859375,7548412.0,906.0458374023438
2020-11-12,937.2000122070312,888.5499877929688,908.0,895.5,7637696.0,890.5324096679688
2020-11-13,907.1500244140625,890.6500244140625,900.0,901.3499755859375,3823102.0,896.3499145507812
2020-11-17,915.2999877929688,885.5,915.25,887.5999755859375,2899346.0,882.6762084960938
2020-11-18,886.5,872.0,885.0,884.2999877929688,3051034.0,879.39453125
2020-11-19,891.4500122070312,876.0999755859375,876.0999755859375,884.4000244140625,2173512.0,879.4940185546875
2020-11-20,891.7999877929688,873.5499877929688,887.0,878.7000122070312,1879772.0,873.8256225585938
2020-11-23,900.8499755859375,877.5,886.0,884.2999877929688,3600764.0,879.39453125
2020-11-24,899.0,879.0,887.75,895.3499755859375,3064711.0,890.3832397460938
2020-11-25,907.2999877929688,888.2999877929688,903.0,894.5499877929688,4855946.0,889.587646484375
2020-11-26,906.9500122070312,893.2999877929688,897.0,899.5499877929688,2330965.0,894.5599365234375
2020-11-27,914.2999877929688,889.5,903.0,891.7999877929688,5128752.0,886.8529052734375
2020-12-01,914.3499755859375,892.1500244140625,894.0,909.7999877929688,2915660.0,904.7530517578125
2020-12-02,920.9000244140625,902.5999755859375,912.0,914.2999877929688,3054564.0,909.2280883789062
2020-12-03,922.2999877929688,910.0,921.9000244140625,915.4500122070312,1692094.0,910.3717651367188
2020-12-04,936.5499877929688,914.0999755859375,918.0,933.2999877929688,4166124.0,928.1226806640625
2020-12-07,969.2999877929688,933.0,939.0,967.4500122070312,5629129.0,962.0833129882812
2020-12-08,975.4500122070312,940.0,971.0,948.25,4416314.0,942.9898071289062
2020-12-09,960.75,944.0999755859375,954.0,950.5999755859375,2446522.0,945.3267211914062
2020-12-10,959.0499877929688,935.5499877929688,954.0,943.0999755859375,1931940.0,937.8683471679688
2020-12-11,950.0,928.5499877929688,945.0,939.4000244140625,1775654.0,934.1889038085938
2020-12-14,949.7000122070312,937.0999755859375,945.0,941.4500122070312,1434903.0,936.2275390625
2020-12-15,966.0,941.25,949.5,944.4000244140625,6027383.0,939.1611938476562
2020-12-16,963.9000244140625,942.2999877929688,953.25,960.3499755859375,3019484.0,955.0226440429688
2020-12-17,984.5,960.5,966.0,970.5,5264719.0,965.1163330078125
2020-12-18,977.0,955.5499877929688,972.9500122070312,972.0999755859375,2190840.0,966.7074584960938
2020-12-21,991.7999877929688,875.0,983.0,931.7000122070312,7855180.0,926.5316162109375
2020-12-22,962.0499877929688,913.9000244140625,945.0,954.5499877929688,4802339.0,949.2548217773438
2020-12-23,969.7000122070312,948.0,957.4000244140625,963.3499755859375,2054965.0,958.0059814453125
2020-12-24,981.5,961.8499755859375,969.0,976.2000122070312,2227518.0,970.7847290039062
2020-12-28,990.0,975.2000122070312,990.0,983.75,2513101.0,978.2928466796875
2020-12-29,992.7999877929688,970.5,984.0,977.25,2122259.0,971.8289184570312
2020-12-30,982.0,964.5,982.0,977.5999755859375,1911823.0,972.1769409179688
2020-12-31,994.7000122070312,973.5,976.2000122070312,976.8499755859375,3463094.0,971.4310913085938
2021-01-01,1009.9500122070312,975.0999755859375,977.9500122070312,1000.9000244140625,4697860.0,995.3477172851562
2021-01-04,1030.3499755859375,1000.6500244140625,1009.7999877929688,1026.949951171875,3868020.0,1021.253173828125
2021-01-05,1047.5,1016.0499877929688,1024.949951171875,1039.949951171875,3524333.0,1034.1810302734375
2021-01-06,1039.949951171875,991.0,1039.949951171875,1000.5999755859375,5558602.0,995.0493774414062
2021-01-07,1029.699951171875,993.1500244140625,1015.0,1022.25,4840991.0,1016.5792846679688
2021-01-08,1047.3499755859375,1022.5999755859375,1023.5,1038.800048828125,3927080.0,1033.0374755859375
2021-01-11,1081.550048828125,1040.0,1040.0,1075.5,4505994.0,1069.533935546875
2021-01-12,1084.0,1055.199951171875,1078.9000244140625,1060.300048828125,2300671.0,1054.418212890625
2021-01-13,1089.0,1046.6500244140625,1060.300048828125,1067.4000244140625,2804177.0,1061.4788818359375
2021-01-14,1113.300048828125,1062.6500244140625,1069.0,1105.800048828125,4717547.0,1099.6658935546875
2021-01-15,1112.8499755859375,1077.050048828125,1112.8499755859375,1093.1500244140625,2772449.0,1087.0860595703125
2021-01-18,1090.0,1030.0,1090.0,1063.0,3370552.0,1057.103271484375
2021-01-19,1098.9000244140625,1070.0,1070.0,1089.199951171875,2381709.0,1083.1578369140625
2021-01-20,1102.050048828125,1082.8499755859375,1093.949951171875,1088.5,2083820.0,1082.4617919921875
2021-01-21,1099.4000244140625,1065.4000244140625,1099.4000244140625,1068.199951171875,2507526.0,1062.2742919921875
2021-01-22,1089.0,1056.6500244140625,1071.0,1079.25,2540352.0,1073.2630615234375
2021-01-25,1103.699951171875,1049.25,1092.0,1081.9000244140625,3538003.0,1075.8984375
2021-01-27,1092.0,1061.300048828125,1089.0,1072.300048828125,2616239.0,1066.3516845703125
2021-01-28,1077.449951171875,1037.5,1061.949951171875,1049.3499755859375,2264954.0,1043.5289306640625
2021-01-29,1059.0,995.0999755859375,1059.0,1007.5999755859375,6117719.0,1002.0105590820312
2021-02-01,1010.0,978.0,1008.0,988.4000244140625,3169169.0,982.9171142578125
2021-02-02,1036.449951171875,995.5499877929688,1000.0,1032.5,3466440.0,1026.7724609375
2021-02-03,1068.300048828125,1026.5999755859375,1037.699951171875,1038.8499755859375,3785742.0,1033.087158203125
2021-02-04,1061.699951171875,1032.0,1040.5,1051.300048828125,1934623.0,1045.4681396484375
2021-02-05,1081.9000244140625,1042.8499755859375,1059.4000244140625,1069.8499755859375,3230271.0,1063.9151611328125
2021-02-08,1087.0,1061.5,1079.9000244140625,1072.5999755859375,2040758.0,1066.64990234375
2021-02-09,1080.0,1053.0,1072.5999755859375,1058.300048828125,1392375.0,1052.4293212890625
2021-02-10,1073.699951171875,1048.699951171875,1058.300048828125,1069.0999755859375,1281670.0,1063.16943359375
2021-02-11,1070.0,1053.0,1063.5999755859375,1060.1500244140625,1439978.0,1054.26904296875
2021-02-12,1068.0,1048.0,1068.0,1053.0,962147.0,1047.15869140625
2021-02-15,1073.9000244140625,1051.4000244140625,1055.0,1058.550048828125,2120192.0,1052.677978515625
2021-02-16,1101.449951171875,1050.0,1064.949951171875,1096.800048828125,3822108.0,1090.7158203125
2021-02-17,1109.0,1060.0,1100.0,1063.4000244140625,3952229.0,1057.5010986328125
2021-02-18,1072.5,1046.199951171875,1072.0,1049.199951171875,2770894.0,1043.3797607421875
2021-02-19,1056.1500244140625,1016.0,1045.0,1021.7000122070312,2810229.0,1016.0323486328125
2021-02-22,1029.5,985.0499877929688,1027.0,995.5,3455281.0,989.9776611328125
2021-02-23,1014.9000244140625,985.6500244140625,997.75,1010.5,2348666.0,1004.8944702148438
2021-02-24,1019.5499877929688,990.0999755859375,1016.0,1008.2999877929688,947886.0,1002.7066650390625
2021-02-25,1040.5,1015.0,1021.9500122070312,1024.5999755859375,3311836.0,1018.9161987304688
2021-02-26,1059.949951171875,1003.25,1011.0499877929688,1018.3499755859375,5624216.0,1012.700927734375
2021-03-01,1034.9000244140625,1011.0,1023.4500122070312,1023.1500244140625,1824557.0,1017.4743041992188
2021-03-02,1057.5999755859375,1026.800048828125,1026.800048828125,1054.5999755859375,2072406.0,1048.749755859375
2021-03-03,1064.699951171875,1046.0999755859375,1062.0,1060.949951171875,1746036.0,1055.0645751953125
2021-03-04,1067.800048828125,1041.0999755859375,1051.0,1048.4000244140625,1614429.0,1042.584228515625
2021-03-05,1053.449951171875,1029.949951171875,1048.0,1033.25,1716704.0,1027.518310546875
2021-03-08,1064.25,1032.9000244140625,1035.949951171875,1050.449951171875,1409325.0,1044.622802734375
2021-03-09,1058.949951171875,1013.5,1054.449951171875,1031.8499755859375,1655727.0,1026.1259765625
2021-03-10,1061.5,1035.0999755859375,1041.0,1057.75,1598764.0,1051.88232421875
2021-03-12,1064.0,1042.9000244140625,1064.0,1049.5,1759310.0,1043.6781005859375
2021-03-15,1067.6500244140625,1026.0,1043.5,1062.699951171875,1473111.0,1056.8048095703125
2021-03-16,1066.949951171875,1041.800048828125,1065.050048828125,1053.6500244140625,1459172.0,1047.80517578125
2021-03-17,1052.949951171875,1015.0,1050.699951171875,1020.9000244140625,1559383.0,1015.23681640625
2021-03-18,1027.6500244140625,988.0,1026.0,999.8499755859375,1717139.0,994.3035278320312
2021-03-19,1017.25,978.2999877929688,993.8499755859375,1005.0999755859375,1723946.0,999.5244140625
2021-03-22,1019.5999755859375,1000.0,1005.0999755859375,1015.7000122070312,1736883.0,1010.0656127929688
2021-03-23,1019.0499877929688,1002.0,1015.0,1014.8499755859375,1438957.0,1009.2203369140625
2021-03-24,1027.449951171875,1004.75,1008.8499755859375,1012.4000244140625,1513475.0,1006.783935546875
2021-03-25,1020.9500122070312,983.6500244140625,1011.4000244140625,992.25,1449925.0,986.7457275390625
2021-03-26,1004.0,975.0,1004.0,978.9500122070312,4302151.0,973.5194702148438
2021-03-30,1009.8499755859375,985.0,989.9000244140625,1005.9000244140625,1875760.0,1000.3200073242188
2021-03-31,1024.199951171875,1004.75,1014.9000244140625,1020.4500122070312,1332484.0,1014.789306640625
2021-04-01,1034.949951171875,1019.0999755859375,1033.0,1027.0,1089119.0,1021.3029174804688
2021-04-05,1031.4000244140625,1007.25,1027.0,1028.949951171875,754402.0,1023.2420654296875
2021-04-06,1047.1500244140625,1029.25,1029.25,1041.9000244140625,1688797.0,1036.120361328125
2021-04-07,1051.050048828125,1032.0,1045.0,1034.199951171875,1891891.0,1028.462890625
2021-04-08,1056.949951171875,1034.0,1034.199951171875,1049.300048828125,1219057.0,1043.479248046875
2021-04-09,1087.0,1045.75,1049.0,1079.449951171875,3350515.0,1073.4619140625
2021-04-12,1099.949951171875,1036.0,1078.0,1045.1500244140625,3872497.0,1039.352294921875
2021-04-13,1058.699951171875,1022.0999755859375,1050.0,1036.0,1528367.0,1030.2530517578125
2021-04-15,1056.75,1020.0499877929688,1020.25,1050.050048828125,1780723.0,1044.22509765625
2021-04-16,1069.1500244140625,1043.5,1054.0,1055.8499755859375,1745500.0,1049.992919921875
2021-04-19,1072.75,1028.699951171875,1045.0,1064.6500244140625,2241444.0,1058.744140625
2021-04-20,1099.0,1063.1500244140625,1076.0,1089.800048828125,3814733.0,1083.754638671875
2021-04-22,1106.9000244140625,1057.0,1100.0,1060.75,5134587.0,1054.86572265625
2021-04-23,1083.5999755859375,1036.5999755859375,1046.0,1076.25,4659292.0,1070.27978515625
2021-04-26,1080.9000244140625,1056.6500244140625,1074.949951171875,1062.550048828125,2024621.0,1056.65576171875
2021-04-27,1072.949951171875,1051.0999755859375,1068.0,1066.550048828125,1349263.0,1060.633544921875
2021-04-28,1074.550048828125,1051.0999755859375,1070.0,1054.75,1483859.0,1048.8990478515625
2021-04-29,1064.9000244140625,1049.199951171875,1060.0,1055.5,1468236.0,1049.6448974609375
2021-04-30,1082.9000244140625,1045.0,1045.0,1069.5,1822879.0,1063.567138671875
2021-05-03,1082.9000244140625,1060.3499755859375,1068.0,1072.8499755859375,1472210.0,1066.8985595703125
2021-05-04,1077.8499755859375,1049.5,1077.8499755859375,1057.949951171875,1639164.0,1052.0811767578125
2021-05-05,1209.0,1068.949951171875,1078.0999755859375,1200.5,26466899.0,1193.8404541015625
2021-05-06,1219.199951171875,1170.5,1209.9000244140625,1198.300048828125,9044946.0,1191.6527099609375
2021-05-07,1241.0,1190.0,1194.9000244140625,1196.550048828125,6631281.0,1189.9124755859375
2021-05-10,1241.550048828125,1205.5,1229.0,1222.550048828125,4876282.0,1215.7681884765625
2021-05-11,1246.800048828125,1193.0,1219.9000244140625,1197.3499755859375,3814186.0,1190.7078857421875
2021-05-12,1226.5999755859375,1193.4000244140625,1211.949951171875,1212.25,3613876.0,1205.5252685546875
2021-05-14,1233.800048828125,1166.0,1210.0,1178.449951171875,5406128.0,1171.9127197265625
2021-05-17,1194.0,1170.0,1194.0,1189.1500244140625,2610218.0,1182.553466796875
2021-05-18,1201.0,1182.050048828125,1196.0,1186.9000244140625,1888387.0,1180.31591796875
2021-05-19,1219.3499755859375,1185.5,1189.9000244140625,1206.8499755859375,2944046.0,1200.1552734375
2021-05-20,1220.0,1197.449951171875,1217.699951171875,1204.300048828125,1837382.0,1197.6195068359375
2021-05-21,1217.9000244140625,1205.5,1210.5999755859375,1214.550048828125,1248152.0,1207.8126220703125
2021-05-24,1237.5999755859375,1195.5999755859375,1214.5999755859375,1198.800048828125,3053876.0,1192.14990234375
2021-05-25,1217.9000244140625,1191.0999755859375,1209.699951171875,1211.050048828125,1714228.0,1204.33203125
2021-05-26,1219.3499755859375,1193.300048828125,1218.5999755859375,1195.949951171875,1187994.0,1189.315673828125
2021-05-27,1206.949951171875,1188.0,1203.9000244140625,1203.3499755859375,2727038.0,1196.6746826171875
2021-05-28,1211.699951171875,1190.550048828125,1203.3499755859375,1208.9000244140625,1128334.0,1202.1939697265625
2021-05-31,1224.9000244140625,1194.550048828125,1208.0,1219.5,1983470.0,1212.735107421875
2021-06-01,1224.9000244140625,1200.0,1221.0,1209.199951171875,1062305.0,1202.4921875
2021-06-02,1267.6500244140625,1211.0,1211.800048828125,1247.25,7160455.0,1240.3311767578125
2021-06-03,1254.8499755859375,1226.5,1254.8499755859375,1232.4000244140625,1723616.0,1225.5635986328125
2021-06-04,1244.0,1223.0,1243.5,1231.5,1507257.0,1224.6685791015625
2021-06-07,1237.699951171875,1223.1500244140625,1231.949951171875,1233.550048828125,1039414.0,1226.7071533203125
2021-06-08,1242.699951171875,1218.4000244140625,1234.9000244140625,1236.4000244140625,1034753.0,1229.5413818359375
2021-06-09,1258.800048828125,1214.300048828125,1237.0,1219.8499755859375,2217064.0,1213.0831298828125
2021-06-10,1243.0,1221.0,1221.0,1228.800048828125,1049039.0,1221.9835205078125
2021-06-11,1239.9000244140625,1225.0,1230.0,1230.3499755859375,1161116.0,1223.52490234375
2021-06-14,1205.5,1173.0999755859375,1190.0,1192.6500244140625,2902671.0,1186.0340576171875
2021-06-15,1199.8499755859375,1183.0999755859375,1192.6500244140625,1186.449951171875,1221666.0,1179.868408203125
2021-06-16,1193.199951171875,1173.300048828125,1190.0,1176.8499755859375,940258.0,1170.3216552734375
2021-06-17,1181.550048828125,1153.0,1171.0,1162.75,1287180.0,1156.2999267578125
2021-06-18,1172.9000244140625,1141.0999755859375,1165.0,1155.5999755859375,1379262.0,1149.1895751953125
2021-06-21,1163.550048828125,1137.5999755859375,1150.0,1156.550048828125,954168.0,1150.13427734375
2021-06-22,1165.9000244140625,1152.8499755859375,1162.0999755859375,1158.949951171875,889616.0,1152.5208740234375
2021-06-23,1173.800048828125,1151.5,1161.0,1154.449951171875,1244350.0,1148.0458984375
2021-06-24,1158.5999755859375,1131.3499755859375,1154.449951171875,1139.699951171875,1157636.0,1133.377685546875
2021-06-25,1160.6500244140625,1134.0,1148.4000244140625,1152.3499755859375,855782.0,1145.95751953125
2021-06-28,1169.3499755859375,1155.1500244140625,1158.0999755859375,1164.25,1302737.0,1157.7916259765625
2021-06-29,1174.25,1155.3499755859375,1156.050048828125,1161.199951171875,833000.0,1154.7584228515625
2021-06-30,1165.0,1145.5999755859375,1159.9000244140625,1149.0999755859375,1016310.0,1142.7255859375
2021-07-01,1153.949951171875,1139.5,1148.0,1146.199951171875,821431.0,1139.8416748046875
2021-07-02,1167.0,1149.050048828125,1151.949951171875,1160.5,1226125.0,1154.0623779296875
2021-07-05,1166.0,1150.0,1163.949951171875,1157.9000244140625,744320.0,1151.476806640625
2021-07-06,1155.8499755859375,1138.0,1155.0,1140.550048828125,826502.0,1134.22314453125
2021-07-07,1153.949951171875,1133.0,1139.699951171875,1148.0,1093022.0,1141.6317138671875
2021-07-08,1157.4000244140625,1136.0,1150.0,1140.0999755859375,772404.0,1133.7755126953125
2021-07-09,1150.5,1137.800048828125,1140.0999755859375,1147.8499755859375,619863.0,1141.4825439453125
2021-07-12,1155.9000244140625,1146.0,1148.0,1150.75,461720.0,1144.366455078125
2021-07-13,1170.0,1150.9000244140625,1156.0,1165.0999755859375,1269535.0,1158.6368408203125
2021-07-14,1174.9000244140625,1158.199951171875,1167.5,1171.800048828125,722071.0,1165.2996826171875
2021-07-15,1177.9000244140625,1159.5999755859375,1176.0,1161.800048828125,852834.0,1155.355224609375
2021-07-16,1181.949951171875,1161.3499755859375,1161.800048828125,1179.75,989827.0,1173.20556640625
2021-07-19,1191.550048828125,1170.0,1176.9000244140625,1186.6500244140625,804486.0,1180.0673828125
2021-07-20,1191.550048828125,1166.5,1191.0,1174.0,941996.0,1167.4874267578125
2021-07-22,1184.5,1171.0,1177.0,1179.449951171875,874999.0,1172.9072265625
2021-07-23,1186.0,1176.050048828125,1179.449951171875,1181.199951171875,828212.0,1174.6474609375
2021-07-26,1191.5,1168.4000244140625,1178.0,1171.75,756766.0,1165.25
2021-07-27,1172.949951171875,1095.199951171875,1169.5,1111.5999755859375,2687649.0,1111.5999755859375
2021-07-28,1117.949951171875,1088.4000244140625,1111.5999755859375,1102.949951171875,1356732.0,1102.949951171875
2021-07-29,1110.0,1077.550048828125,1103.5,1085.9000244140625,1395326.0,1085.9000244140625
2021-07-30,1127.5999755859375,1080.9000244140625,1090.0,1107.4000244140625,1455348.0,1107.4000244140625
2021-08-02,1127.0,1111.0,1114.800048828125,1124.25,1133501.0,1124.25
2021-08-03,1149.5,1126.1500244140625,1132.0,1144.199951171875,1528382.0,1144.199951171875
2021-08-04,1158.8499755859375,1140.6500244140625,1154.949951171875,1152.199951171875,1152007.0,1152.199951171875
2021-08-05,1159.300048828125,1137.8499755859375,1152.199951171875,1145.300048828125,775351.0,1145.300048828125
2021-08-06,1155.5999755859375,1142.550048828125,1147.050048828125,1150.8499755859375,417014.0,1150.8499755859375
2021-08-09,1156.4000244140625,1118.0,1154.449951171875,1129.800048828125,878772.0,1129.800048828125
